City_ID,City,Country,Date,Lat,Lng,Max Temp,Humidity,Cloudiness,Wind Speed
0,Amarante Do Maranhao,BR,2022-05-27 19:20:15,-5.5667,-46.7422,84.69,57,74,5.21
1,Qaanaaq,GL,2022-05-27 19:14:46,77.484,-69.3632,23.67,87,100,13.73
2,Taltal,CL,2022-05-27 19:16:17,-25.4,-70.4833,65.25,66,35,6.31
3,Tuy Hoa,VN,2022-05-27 19:20:15,13.0833,109.3,78.89,75,100,10.78
4,Los Alamos,US,2022-05-27 19:20:16,35.8881,-106.307,86.68,9,0,13.8
5,Thompson,CA,2022-05-27 19:11:48,55.7435,-97.8558,55.98,36,6,5.32
6,Longyearbyen,SJ,2022-05-27 19:20:16,78.2186,15.6401,44.44,76,0,8.05
7,Albany,US,2022-05-27 19:17:24,42.6001,-73.9662,77.23,74,100,10.4
8,Gat,IL,2022-05-27 19:20:17,31.61,34.7642,82.4,100,1,5.66
9,Kununurra,AU,2022-05-27 19:20:17,-15.7667,128.7333,58.98,88,99,0.0
10,Mahebourg,MU,2022-05-27 19:20:17,-20.4081,57.7,70.25,88,20,3.44
11,Rikitea,PF,2022-05-27 19:14:48,-23.1203,-134.9692,76.6,75,17,12.88
12,Busselton,AU,2022-05-27 19:14:55,-33.65,115.3333,54.99,74,81,6.69
13,Carnarvon,AU,2022-05-27 19:16:00,-24.8667,113.6333,71.58,63,100,5.82
14,Beyneu,KZ,2022-05-27 19:20:18,45.3167,55.2,69.21,33,2,8.14
15,Ushuaia,AR,2022-05-27 19:14:48,-54.8,-68.3,37.02,93,75,29.93
16,Tromso,NO,2022-05-27 19:18:25,69.6496,18.957,46.38,81,40,11.5
17,Talcahuano,CL,2022-05-27 19:20:18,-36.7167,-73.1167,49.68,62,0,10.36
18,Kapaa,US,2022-05-27 19:14:50,22.0752,-159.319,76.98,82,100,11.5
19,Bambous Virieux,MU,2022-05-27 19:14:52,-20.3428,57.7575,70.21,88,20,3.44
20,Kirakira,SB,2022-05-27 19:20:19,-10.4544,161.9205,76.89,84,98,1.16
21,Faanui,PF,2022-05-27 19:14:56,-16.4833,-151.75,81.25,64,0,18.45
22,Tahoua,NE,2022-05-27 19:20:19,14.8888,5.2692,96.71,17,19,4.92
23,Nome,US,2022-05-27 19:20:19,64.5011,-165.4064,41.16,87,100,11.5
24,Vardo,NO,2022-05-27 19:20:20,70.3705,31.1107,39.18,93,100,25.32
25,Tiksi,RU,2022-05-27 19:14:47,71.6872,128.8694,28.78,91,100,6.53
26,Ossora,RU,2022-05-27 19:20:20,59.2353,163.0719,37.9,98,100,4.74
27,Atuona,PF,2022-05-27 19:18:30,-9.8,-139.0333,77.74,80,33,24.09
28,Punta Arenas,CL,2022-05-27 19:14:47,-53.15,-70.9167,42.91,75,40,26.46
29,Sitka,US,2022-05-27 19:17:55,57.0531,-135.33,60.69,51,0,3.44
30,Warri,NG,2022-05-27 19:20:21,5.5167,5.75,77.13,88,100,3.53
31,Cidreira,BR,2022-05-27 19:20:21,-30.1811,-50.2056,63.93,92,100,12.5
32,Correntina,BR,2022-05-27 19:20:21,-13.3433,-44.6367,84.9,21,82,6.96
33,Jamestown,US,2022-05-27 19:14:53,42.097,-79.2353,72.01,76,100,8.05
34,Zhigansk,RU,2022-05-27 19:20:22,66.7697,123.3711,30.52,81,26,11.9
35,Broome,US,2022-05-27 19:14:48,42.2506,-75.833,73.0,84,100,9.22
36,Altay,CN,2022-05-27 19:20:22,47.8667,88.1167,64.24,62,0,5.73
37,Alekseyevsk,RU,2022-05-27 19:20:23,57.8406,108.3492,34.47,81,55,4.83
38,Dibulla,CO,2022-05-27 19:20:23,11.2725,-73.3091,87.42,68,100,4.36
39,Hare Bay,CA,2022-05-27 19:20:23,48.8499,-54.0148,56.55,53,100,11.65
40,Cape Town,ZA,2022-05-27 19:12:38,-33.9258,18.4232,60.28,87,4,4.0
41,Bluff,NZ,2022-05-27 19:14:47,-46.6,168.3333,37.8,86,97,11.45
42,Bredasdorp,ZA,2022-05-27 19:20:24,-34.5322,20.0403,55.74,96,37,2.93
43,Hobart,AU,2022-05-27 19:15:03,-42.8794,147.3294,42.66,90,100,3.44
44,Vaini,TO,2022-05-27 19:18:31,-21.2,-175.2,75.36,94,75,4.61
45,Mackenzie,CA,2022-05-27 19:20:25,55.2999,-123.1698,48.42,81,100,2.3
46,Krasne,UA,2022-05-27 19:21:25,49.9145,24.6134,49.6,93,100,11.07
47,Vila,PT,2022-05-27 19:21:26,42.0304,-8.1588,70.68,56,16,4.7
48,Pisco,PE,2022-05-27 19:21:26,-13.7,-76.2167,65.01,77,11,10.36
49,Mar Del Plata,AR,2022-05-27 19:18:15,-38.0023,-57.5575,57.09,65,75,6.91
50,East London,ZA,2022-05-27 19:21:27,-33.0153,27.9116,62.31,88,0,7.92
51,Hailar,CN,2022-05-27 19:21:27,49.2,119.7,45.25,64,0,6.24
52,Tekirdag,TR,2022-05-27 19:21:27,40.978,27.5085,67.35,77,100,4.03
53,Vila Velha,BR,2022-05-27 19:21:28,-20.3297,-40.2925,71.55,95,75,0.0
54,Alofi,NU,2022-05-27 19:20:49,-19.0595,-169.9187,75.09,94,95,4.61
55,Esperance,AU,2022-05-27 19:17:19,-33.8667,121.9,55.0,73,0,10.8
56,San Juan,AR,2022-05-27 19:21:28,-31.5375,-68.5364,58.14,45,0,5.57
57,Mombetsu,JP,2022-05-27 19:21:28,44.3525,143.3525,53.24,97,100,11.79
58,Gueret,FR,2022-05-27 19:21:28,46.1667,1.8667,59.11,79,20,6.76
59,Yellowknife,CA,2022-05-27 19:15:18,62.456,-114.3525,52.32,66,40,13.8
60,Acapulco,MX,2022-05-27 19:19:37,16.8634,-99.8901,87.62,70,40,9.22
61,Provideniya,RU,2022-05-27 19:19:41,64.3833,-173.3,39.54,84,75,7.25
62,Chuy,UY,2022-05-27 19:14:52,-33.6971,-53.4616,58.17,92,100,12.48
63,Butaritari,KI,2022-05-27 19:14:52,3.0707,172.7902,79.84,78,20,5.86
64,Port Alfred,ZA,2022-05-27 19:16:03,-33.5906,26.891,57.18,92,11,10.56
65,Palora,EC,2022-05-27 19:21:29,-1.7,-77.9333,75.31,53,69,3.22
66,South Sioux City,US,2022-05-27 19:21:29,42.4739,-96.4136,81.0,41,0,10.36
67,Alice,US,2022-05-27 19:19:23,27.7523,-98.0697,94.55,54,0,11.5
68,Arraial Do Cabo,BR,2022-05-27 19:16:02,-22.9661,-42.0278,75.16,78,0,18.41
69,Kaeo,NZ,2022-05-27 19:21:30,-35.1,173.7833,58.53,75,100,9.44
70,Presidencia Roque Saenz Pena,AR,2022-05-27 19:19:01,-26.7852,-60.4388,60.33,92,100,3.98
71,Ranau,MY,2022-05-27 19:21:30,5.9538,116.6641,68.43,97,99,2.24
72,Georgetown,MY,2022-05-27 19:15:56,5.4112,100.3354,82.33,92,20,2.3
73,Barrow,US,2022-05-27 19:12:03,71.2906,-156.7887,28.42,93,100,13.8
74,Chapais,CA,2022-05-27 19:14:49,49.7834,-74.8492,55.18,94,100,3.09
75,Nikolskoye,RU,2022-05-27 19:14:46,59.7035,30.7861,51.78,97,75,4.09
76,San Jeronimo,PE,2022-05-27 19:21:30,-11.9472,-75.2829,59.72,47,93,2.37
77,Ambon,ID,2022-05-27 19:21:31,-3.6954,128.1814,77.14,94,40,3.44
78,Mago,RU,2022-05-27 19:21:31,53.2514,140.1822,43.34,86,100,7.96
79,Escanaba,US,2022-05-27 19:17:51,45.7453,-87.0646,65.52,60,75,12.66
80,Nemuro,JP,2022-05-27 19:21:31,43.3236,145.575,50.16,97,100,30.44
81,Altus,US,2022-05-27 19:21:31,34.6381,-99.334,90.52,26,0,12.66
82,Zhangye,CN,2022-05-27 19:21:32,38.9342,100.4517,67.12,31,96,6.82
83,Burmakino,RU,2022-05-27 19:21:32,57.4166,40.2369,51.37,93,100,6.71
84,Haizhou,CN,2022-05-27 19:21:32,34.5817,119.1289,70.12,31,100,5.75
85,Saint-Philippe,RE,2022-05-27 19:15:56,-21.3585,55.7679,71.19,72,0,8.32
86,Vrangel,RU,2022-05-27 19:21:32,42.7297,133.0839,49.21,94,14,7.47
87,Puerto Escondido,MX,2022-05-27 19:15:48,15.85,-97.0667,88.63,58,40,8.05
88,Hermanus,ZA,2022-05-27 19:15:57,-34.4187,19.2345,56.8,84,68,9.28
89,Huarmey,PE,2022-05-27 19:21:33,-10.0681,-78.1522,69.89,69,3,11.92
90,Sabha,LY,2022-05-27 19:21:33,27.0377,14.4283,94.87,7,0,9.62
91,Kodiak,US,2022-05-27 19:19:38,57.79,-152.4072,56.71,58,0,6.91
92,Del Rio,US,2022-05-27 19:22:33,29.3627,-100.8968,97.23,50,0,13.8
93,Lebu,CL,2022-05-27 19:14:51,-37.6167,-73.65,49.42,65,100,16.2
94,Avarua,CK,2022-05-27 19:15:57,-21.2078,-159.775,78.85,78,75,2.3
95,Tilichiki,RU,2022-05-27 19:17:16,60.4667,166.1,36.21,99,100,0.56
96,Luwuk,ID,2022-05-27 19:22:34,-0.9516,122.7875,76.28,84,100,2.08
97,New Smyrna Beach,US,2022-05-27 19:19:54,29.0258,-80.927,92.19,58,75,8.05
98,Katsuura,JP,2022-05-27 19:14:55,35.1333,140.3,65.26,80,28,6.82
99,Kuytun,RU,2022-05-27 19:22:34,54.3419,101.5036,40.95,63,64,3.6
100,Kavaratti,IN,2022-05-27 19:17:41,10.5669,72.642,82.4,78,100,7.78
101,Carutapera,BR,2022-05-27 19:22:34,-1.195,-46.02,81.41,82,16,5.88
102,Ribeira Grande,PT,2022-05-27 19:22:34,38.5167,-28.7,64.8,94,75,11.5
103,Zboriv,UA,2022-05-27 19:22:35,49.6648,25.141,48.79,93,100,8.3
104,Yar-Sale,RU,2022-05-27 19:17:20,66.8333,70.8333,53.65,51,88,11.16
105,Havelock,US,2022-05-27 19:22:35,34.8791,-76.9013,78.93,79,75,13.8
106,Grand Gaube,MU,2022-05-27 19:16:10,-20.0064,57.6608,70.38,75,0,1.01
107,San Carlos De Bariloche,AR,2022-05-27 19:22:35,-41.1456,-71.3082,42.44,47,0,6.91
108,Fortuna,US,2022-05-27 19:19:46,40.5982,-124.1573,60.93,86,20,10.36
109,Saint George,US,2022-05-27 19:11:30,37.1041,-113.5841,97.63,14,0,10.36
110,Tuktoyaktuk,CA,2022-05-27 19:20:53,69.4541,-133.0374,35.6,80,75,23.02
111,Banda Aceh,ID,2022-05-27 19:22:36,5.5577,95.3222,81.93,75,100,14.47
112,Beringovskiy,RU,2022-05-27 19:14:51,63.05,179.3167,39.88,83,98,8.32
113,Vila Franca Do Campo,PT,2022-05-27 19:14:55,37.7167,-25.4333,64.81,76,100,6.29
114,Umm Kaddadah,SD,2022-05-27 19:22:36,13.6017,26.6876,84.36,7,11,11.74
115,Port Augusta,AU,2022-05-27 19:22:36,-32.5,137.7667,51.03,91,9,2.73
116,Rangapara,IN,2022-05-27 19:22:36,26.8167,92.65,73.72,89,76,2.17
117,Komsomolskiy,UZ,2022-05-27 19:22:37,40.4272,71.7189,68.72,60,75,6.91
118,Sharlyk,RU,2022-05-27 19:22:37,52.9167,54.75,52.45,91,14,15.26
119,Catuday,PH,2022-05-27 19:22:37,16.2923,119.8062,81.03,75,94,8.59
120,Aktash,RU,2022-05-27 19:22:37,50.3,87.7333,43.48,78,0,3.6
121,New Norfolk,AU,2022-05-27 19:17:11,-42.7826,147.0587,40.71,87,100,3.13
122,Kirovgrad,RU,2022-05-27 19:22:38,57.4297,60.0597,46.8,71,100,3.58
123,Dikson,RU,2022-05-27 19:16:05,73.5069,80.5464,19.33,90,5,4.43
124,Upernavik,GL,2022-05-27 19:12:56,72.7868,-56.1549,26.76,79,100,13.09
125,Port Lincoln,AU,2022-05-27 19:14:47,-34.7333,135.8667,55.38,89,27,11.21
126,Kyra,RU,2022-05-27 19:22:38,49.5776,111.9753,37.53,51,5,6.76
127,Sao Filipe,CV,2022-05-27 19:16:01,14.8961,-24.4956,73.13,79,16,5.23
128,Lagoa,PT,2022-05-27 19:22:38,39.05,-27.9833,62.26,92,100,14.52
129,Chokurdakh,RU,2022-05-27 19:14:54,70.6333,147.9167,28.06,82,100,7.65
130,Nizhniy Kuranakh,RU,2022-05-27 19:22:39,58.8353,125.4869,41.85,94,100,12.84
131,Kieta,PG,2022-05-27 19:22:39,-6.2167,155.6333,77.74,83,48,2.75
132,Manaus,BR,2022-05-27 19:22:39,-3.1019,-60.025,90.09,66,20,11.5
133,Punta Alta,AR,2022-05-27 19:22:39,-38.8759,-62.0736,50.02,51,99,3.29
134,Puerto Ayora,EC,2022-05-27 19:14:49,-0.7393,-90.3518,82.36,83,32,7.0
135,Severo-Kurilsk,RU,2022-05-27 19:15:58,50.6789,156.125,41.5,89,89,1.66
136,Cabo Rojo,PR,2022-05-27 19:22:40,18.0866,-67.1457,86.9,70,46,5.99
137,Ucluelet,CA,2022-05-27 19:22:40,48.9329,-125.5528,51.1,89,100,1.01
138,Airai,TL,2022-05-27 19:15:59,-8.9266,125.4092,55.65,84,2,2.62
139,Leningradskiy,RU,2022-05-27 19:23:16,69.3833,178.4167,32.61,98,100,4.47
140,Naze,JP,2022-05-27 19:19:44,28.3667,129.4833,59.92,66,100,1.54
141,Rangpo,IN,2022-05-27 19:23:40,27.1833,88.5333,68.77,88,2,5.14
142,Aquiraz,BR,2022-05-27 19:23:40,-3.9014,-38.3911,87.46,73,22,7.63
143,Zuidhorn,NL,2022-05-27 19:23:41,53.2467,6.4028,55.94,70,20,14.97
144,Lompoc,US,2022-05-27 19:23:41,34.6391,-120.4579,72.01,62,100,16.11
145,Padang,ID,2022-05-27 19:20:50,-0.9492,100.3543,77.45,85,80,1.9
146,Port Said,EG,2022-05-27 19:23:41,31.2565,32.2841,73.17,80,0,9.26
147,Lasa,IT,2022-05-27 19:17:23,46.6166,10.7002,68.88,80,21,6.55
148,Atar,MR,2022-05-27 19:19:42,20.5169,-13.0499,93.78,30,34,21.81
149,Yankton,US,2022-05-27 19:23:42,42.8711,-97.3973,80.85,22,0,0.0
150,Cheremukhovo,RU,2022-05-27 19:23:42,60.3484,59.9851,42.98,93,38,1.36
151,Saint-Pierre,RE,2022-05-27 19:16:09,-21.3393,55.4781,71.28,64,0,8.05
152,Geraldton,AU,2022-05-27 19:19:39,-28.7667,114.6,57.61,88,0,14.97
153,Oum Hadjer,TD,2022-05-27 19:23:42,13.2954,19.6966,92.8,7,4,7.83
154,Pascagoula,US,2022-05-27 19:23:42,30.3658,-88.5561,88.41,47,0,11.34
155,Arman,RU,2022-05-27 19:23:43,59.7,150.1667,39.02,91,99,1.97
156,Husavik,IS,2022-05-27 19:14:53,66.0449,-17.3389,38.68,81,72,4.9
157,Castro,BR,2022-05-27 19:14:54,-24.7911,-50.0119,68.14,59,83,7.81
158,Pandan,PH,2022-05-27 19:23:43,14.0453,124.1694,79.47,87,94,6.73
159,Skokovi,BA,2022-05-27 19:23:43,45.0314,15.9144,65.19,78,16,0.96
160,Iqaluit,CA,2022-05-27 19:23:15,63.7506,-68.5145,29.93,63,100,4.61
161,Margate,GB,2022-05-27 19:19:24,51.3813,1.3862,63.7,66,11,1.99
162,Yingkou,CN,2022-05-27 19:23:43,40.6648,122.2283,65.12,52,93,14.79
163,Codrington,AU,2022-05-27 19:14:50,-38.2667,141.9667,50.13,87,96,5.95
164,La Ronge,CA,2022-05-27 19:20:56,55.1001,-105.2842,55.65,54,75,14.97
165,Canyon,US,2022-05-27 19:21:44,34.9803,-101.9188,90.52,27,0,20.96
166,Martapura,ID,2022-05-27 19:23:44,-3.4167,114.85,75.29,100,100,3.44
167,Humberto De Campos,BR,2022-05-27 19:23:44,-2.5983,-43.4611,81.14,84,15,4.21
168,Saskylakh,RU,2022-05-27 19:14:50,71.9167,114.0833,21.0,95,98,5.08
169,Custodia,BR,2022-05-27 19:23:44,-8.0875,-37.6431,76.33,67,87,15.73
170,Shingu,JP,2022-05-27 19:23:45,33.7333,135.9833,62.29,71,0,6.13
171,Yulara,AU,2022-05-27 19:20:49,-25.2406,130.9889,57.88,59,48,10.71
172,Karratha,AU,2022-05-27 19:17:23,-20.7377,116.8463,77.54,72,87,3.51
173,Mecca,SA,2022-05-27 19:16:42,21.4267,39.8261,89.47,20,0,5.66
174,Dalbandin,PK,2022-05-27 19:23:45,28.8947,64.4101,87.53,10,0,6.55
175,Lincoln,US,2022-05-27 19:20:51,40.8,-96.667,84.0,51,0,13.8
176,Tessalit,ML,2022-05-27 19:23:45,20.1986,1.0114,99.21,11,92,8.48
177,Wewak,PG,2022-05-27 19:23:46,-3.5534,143.6268,78.85,81,100,2.44
178,Colares,PT,2022-05-27 19:23:46,38.7992,-9.4469,81.59,28,0,12.66
179,Kruisfontein,ZA,2022-05-27 19:23:46,-34.0033,24.7314,55.89,92,39,3.06
180,Joanopolis,BR,2022-05-27 19:23:46,-22.9303,-46.2756,69.35,54,100,4.92
181,Tukrah,LY,2022-05-27 19:23:47,32.5341,20.5791,80.96,31,0,9.62
182,Los Llanos De Aridane,ES,2022-05-27 19:19:46,28.6585,-17.9182,67.75,69,75,6.91
183,Kharan,PK,2022-05-27 19:23:47,28.5833,65.4167,91.8,10,15,8.43
184,Camacha,PT,2022-05-27 19:24:47,33.0833,-16.3333,65.62,68,40,9.22
185,Elko,US,2022-05-27 19:23:18,41.0002,-115.5012,78.06,15,100,14.0
186,Hilo,US,2022-05-27 19:10:35,19.7297,-155.09,79.29,74,100,4.61
187,Oranjemund,NA,2022-05-27 19:24:47,-28.55,16.4333,55.6,92,0,1.12
188,Hasaki,JP,2022-05-27 19:16:04,35.7333,140.8333,61.2,75,4,8.59
189,Ponta Do Sol,PT,2022-05-27 19:20:56,32.6667,-17.1,70.0,72,74,6.6
190,Luderitz,NA,2022-05-27 19:16:06,-26.6481,15.1594,56.19,90,4,6.04
191,Nalut,LY,2022-05-27 19:24:48,30.3333,10.85,83.12,16,0,13.42
192,Nanortalik,GL,2022-05-27 19:24:48,60.1432,-45.2371,36.32,91,100,14.12
193,Nesbyen,NO,2022-05-27 19:22:14,60.5681,9.1027,51.37,59,100,1.99
194,Mataura,NZ,2022-05-27 19:16:02,-46.1927,168.8643,37.47,90,100,3.53
195,Raahe,FI,2022-05-27 19:24:48,64.6833,24.4833,46.49,99,100,6.06
196,Bandarbeyla,SO,2022-05-27 19:17:20,9.4942,50.8122,80.33,81,64,20.92
197,Kysyl-Syr,RU,2022-05-27 19:19:47,63.8986,122.7617,33.37,78,12,8.43
198,Malanje,AO,2022-05-27 19:24:49,-9.5402,16.341,64.92,47,0,1.5
199,Mpongwe,ZM,2022-05-27 19:24:49,-13.5091,28.155,60.98,57,0,7.78
200,Guerrero Negro,MX,2022-05-27 19:15:00,27.9769,-114.0611,69.35,58,1,16.75
201,Havoysund,NO,2022-05-27 19:24:49,70.9963,24.6622,41.23,93,100,20.51
202,Poum,NC,2022-05-27 19:23:19,-20.2333,164.0167,76.57,76,50,10.56
203,Ponta Delgada,PT,2022-05-27 19:24:49,37.7333,-25.6667,65.12,82,20,9.22
204,Vaitape,PF,2022-05-27 19:24:50,-16.5167,-151.75,81.25,64,4,18.54
205,Presidente Medici,BR,2022-05-27 19:24:50,-11.1753,-61.9014,87.78,44,2,2.91
206,Panshi,CN,2022-05-27 19:24:50,42.9422,126.0561,50.54,92,100,5.14
207,Pedasi,PA,2022-05-27 19:23:08,7.5333,-80.0333,82.04,76,99,0.94
208,Punto Fijo,VE,2022-05-27 19:24:50,11.6956,-70.1996,85.33,59,100,11.23
209,Linxia,CN,2022-05-27 19:24:51,35.6003,103.2064,53.78,55,79,4.09
210,Blagoveshchenka,RU,2022-05-27 19:24:51,52.8333,79.8667,64.83,54,79,5.26
211,Abnub,EG,2022-05-27 19:24:51,27.2696,31.1511,87.75,17,0,10.27
212,Asbe Teferi,ET,2022-05-27 19:24:51,9.0833,40.8667,65.95,58,100,5.5
213,Vengerovo,RU,2022-05-27 19:24:52,55.6848,76.7471,57.72,80,0,13.71
214,Dunda,TZ,2022-05-27 19:24:52,-8.1167,34.25,65.08,72,21,4.54
215,Narsaq,GL,2022-05-27 19:22:04,60.9167,-46.05,52.02,64,100,3.22
216,Bathsheba,BB,2022-05-27 19:19:44,13.2167,-59.5167,83.01,74,40,20.71
217,Teguldet,RU,2022-05-27 19:24:52,57.3064,88.1667,46.49,78,0,4.83
218,Pevek,RU,2022-05-27 19:18:29,69.7008,170.3133,27.79,84,100,10.47
219,Abu Samrah,SY,2022-05-27 19:24:52,35.3029,37.1841,80.69,28,0,8.57
220,Berlevag,NO,2022-05-27 19:22:07,70.8578,29.0864,39.15,100,100,19.57
221,Hithadhoo,MV,2022-05-27 19:24:53,-0.6,73.0833,83.7,73,42,11.86
222,Norman Wells,CA,2022-05-27 19:18:34,65.282,-126.8329,51.84,58,75,21.85
223,Tuatapere,NZ,2022-05-27 19:19:38,-46.1333,167.6833,45.39,91,96,5.93
224,Hofn,IS,2022-05-27 19:14:55,64.2539,-15.2082,47.73,79,12,12.71
225,Tevaitoa,PF,2022-05-27 19:24:53,-16.7833,-151.5,80.92,65,16,19.33
226,Lorengau,PG,2022-05-27 19:23:14,-2.0226,147.2712,79.03,70,93,0.67
227,Bisho,ZA,2022-05-27 19:24:53,-32.8472,27.4422,53.42,89,0,3.65
228,Cerqueira Cesar,BR,2022-05-27 19:24:54,-23.0356,-49.1661,73.8,46,100,8.21
229,Koslan,RU,2022-05-27 19:24:54,63.4564,48.8989,48.85,69,96,7.78
230,Pretoria,ZA,2022-05-27 19:22:20,-25.7449,28.1878,60.91,59,0,4.61
231,Gornopravdinsk,RU,2022-05-27 19:25:54,60.05,69.9,52.7,94,100,8.79
232,Kendari,ID,2022-05-27 19:25:54,-3.945,122.4989,73.9,93,100,2.28
233,Antofagasta,CL,2022-05-27 19:16:09,-23.65,-70.4,60.08,73,34,7.56
234,Mudgee,AU,2022-05-27 19:25:55,-32.5943,149.5871,51.78,96,91,1.97
235,Sambava,MG,2022-05-27 19:25:55,-14.2667,50.1667,73.72,85,24,11.52
236,Asau,RO,2022-05-27 19:22:10,46.4333,26.4,63.52,81,63,5.77
237,Buzdyak,RU,2022-05-27 19:25:55,54.5833,54.55,51.31,92,33,13.11
238,Kotma,IN,2022-05-27 19:25:55,23.2,81.9667,82.89,36,70,5.55
239,Weyburn,CA,2022-05-27 19:21:20,49.6668,-103.8511,70.02,35,100,3.44
240,Belyy Yar,RU,2022-05-27 19:25:56,53.6039,91.3903,51.69,69,0,11.18
241,Emba,KZ,2022-05-27 19:25:56,48.8264,58.1442,57.94,62,70,1.05
242,Dudinka,RU,2022-05-27 19:25:56,69.4058,86.1778,38.62,96,94,8.48
243,Tambacounda,SN,2022-05-27 19:25:56,13.7539,-13.7586,94.33,38,100,3.29
244,Talnakh,RU,2022-05-27 19:20:48,69.4865,88.3972,38.21,97,100,4.97
245,Constitucion,CL,2022-05-27 19:24:32,-35.3333,-72.4167,54.32,52,100,9.35
246,Kalmunai,LK,2022-05-27 19:25:57,7.4167,81.8167,78.98,83,100,5.61
247,Udachnyy,RU,2022-05-27 19:25:57,66.4167,112.4,34.45,69,100,3.53
248,Hambantota,LK,2022-05-27 19:25:57,6.1241,81.1185,79.12,83,51,16.06
249,Manali,IN,2022-05-27 19:25:57,13.1667,80.2667,86.09,83,67,14.12
250,Klaksvik,FO,2022-05-27 19:17:23,62.2266,-6.589,45.52,87,100,23.94
251,Maceio,BR,2022-05-27 19:25:58,-9.6658,-35.7353,80.04,73,75,12.66
252,Denpasar,ID,2022-05-27 19:23:04,-8.65,115.2167,80.26,89,75,5.75
253,Riachao Do Jacuipe,BR,2022-05-27 19:21:44,-11.8069,-39.3856,76.84,67,84,10.98
254,Boa Vista,BR,2022-05-27 19:22:41,2.8197,-60.6733,85.98,66,75,4.61
255,Farafangana,MG,2022-05-27 19:25:58,-22.8167,47.8333,69.46,84,11,11.34
256,Badin,PK,2022-05-27 19:25:58,24.656,68.8384,83.39,77,24,20.33
257,Tasiilaq,GL,2022-05-27 19:25:58,65.6145,-37.6368,39.38,67,100,4.0
258,Inuvik,CA,2022-05-27 19:25:59,68.3499,-133.7218,36.46,80,100,14.97
259,Bethel,US,2022-05-27 19:25:59,41.3712,-73.414,80.69,73,75,11.5
260,Portland,US,2022-05-27 19:21:32,45.5234,-122.6762,61.75,70,100,8.05
261,Amudat,UG,2022-05-27 19:25:59,1.95,34.95,67.21,86,55,5.41
262,Bengkulu,ID,2022-05-27 19:25:59,-3.8004,102.2655,75.88,90,100,6.24
263,Mehamn,NO,2022-05-27 19:21:58,71.0357,27.8492,39.11,96,100,20.2
264,Balsas,BR,2022-05-27 19:26:00,-7.5325,-46.0356,89.49,40,35,9.57
265,Srednekolymsk,RU,2022-05-27 19:26:00,67.45,153.6833,37.13,45,18,5.46
266,Saldanha,ZA,2022-05-27 19:20:56,-33.0117,17.9442,53.65,86,0,7.78
267,Oktyabrskiy,RU,2022-05-27 19:26:00,54.4815,53.471,52.16,92,100,14.14
268,Xiantao,CN,2022-05-27 19:26:01,30.3833,113.4,68.09,97,100,1.25
269,Tazovskiy,RU,2022-05-27 19:26:01,67.4667,78.7,46.54,63,100,9.19
270,Olinda,BR,2022-05-27 19:23:17,-8.0089,-34.8553,76.73,94,100,16.11
271,Cherskiy,RU,2022-05-27 19:23:22,68.75,161.3,31.01,65,99,13.78
272,Kavieng,PG,2022-05-27 19:17:22,-2.5744,150.7967,80.94,64,100,1.01
273,Tura,IN,2022-05-27 19:19:40,25.5198,90.2201,70.18,88,7,4.34
274,Pano Aqil,PK,2022-05-27 19:26:01,27.8569,69.1116,93.09,23,3,13.13
275,Siuna,NI,2022-05-27 19:26:01,13.7332,-84.7773,84.83,65,96,3.42
276,Wenling,CN,2022-05-27 19:26:02,28.3669,121.36,66.6,95,100,2.8
277,Sabla,NG,2022-05-27 19:26:02,12.7525,4.7077,95.88,28,21,11.43
278,Alexander City,US,2022-05-27 19:26:02,32.944,-85.9539,80.38,44,0,10.36
279,Dezful,IR,2022-05-27 19:27:03,32.3811,48.4058,84.87,10,0,4.43
280,Namatanai,PG,2022-05-27 19:18:32,-3.6667,152.4333,77.83,80,100,1.97
281,Aykhal,RU,2022-05-27 19:20:50,66.0,111.5,33.03,75,100,2.13
282,Kaitangata,NZ,2022-05-27 19:20:48,-46.2817,169.8464,39.52,82,100,5.01
283,Felanitx,ES,2022-05-27 19:18:28,39.4696,3.1483,74.01,58,0,6.73
284,Riyadh,SA,2022-05-27 19:17:31,24.6877,46.7219,91.54,13,6,10.49
285,Cabo San Lucas,MX,2022-05-27 19:18:26,22.8909,-109.9124,91.71,29,0,9.22
286,Semnan,IR,2022-05-27 19:27:03,35.5729,53.3971,71.6,31,0,5.23
287,Aginskoye,RU,2022-05-27 19:27:04,51.1,114.53,41.16,58,10,9.66
288,Vostok,RU,2022-05-27 19:19:44,46.4856,135.8833,48.83,95,100,1.05
289,Kula,TR,2022-05-27 19:27:04,38.5473,28.6498,71.02,48,13,5.95
290,Isangel,VU,2022-05-27 19:22:03,-19.55,169.2667,76.84,86,100,7.81
291,Dharchula,IN,2022-05-27 19:27:04,29.85,80.5333,67.5,81,45,2.1
292,Port Macquarie,AU,2022-05-27 19:27:05,-31.4333,152.9167,52.9,92,53,4.16
293,Gizo,SB,2022-05-27 19:27:05,-8.103,156.8419,82.17,76,100,9.04
294,Sharjah,AE,2022-05-27 19:27:05,25.3573,55.4033,91.69,33,0,4.61
295,Aasiaat,GL,2022-05-27 19:27:06,68.7098,-52.8699,31.6,74,100,6.42
296,Sangar,RU,2022-05-27 19:27:06,63.9242,127.4739,40.89,72,98,0.78
297,Santa Maria,BR,2022-05-27 19:27:07,-29.6842,-53.8069,69.1,78,40,8.05
298,Dunedin,NZ,2022-05-27 19:17:21,-45.8742,170.5036,46.8,71,29,1.01
299,Belaya Gora,RU,2022-05-27 19:23:19,68.5333,146.4167,38.52,47,88,8.63
300,Soe,ID,2022-05-27 19:27:07,-9.8607,124.284,63.68,94,43,3.85
301,Bac Lieu,VN,2022-05-27 19:27:07,9.285,105.7244,79.16,86,100,7.4
302,Rafai,CF,2022-05-27 19:27:08,4.95,23.9167,73.87,74,20,2.35
303,Okato,NZ,2022-05-27 19:27:08,-39.2,173.8833,46.18,86,0,3.0
304,Quatre Cocos,MU,2022-05-27 19:23:20,-20.2078,57.7625,70.09,77,7,7.29
305,Scituate,US,2022-05-27 19:27:09,42.1959,-70.7259,83.48,75,75,16.11
306,Khatanga,RU,2022-05-27 19:19:38,71.9667,102.5,30.09,89,99,2.08
307,Zhuanghe,CN,2022-05-27 19:27:09,39.7008,122.9911,59.86,81,100,6.26
308,Xuddur,SO,2022-05-27 19:25:19,4.1213,43.8894,79.25,60,80,15.48
309,Akyab,MM,2022-05-27 19:27:09,20.15,92.9,82.44,84,94,7.83
310,Santiago,CL,2022-05-27 19:25:50,-33.4569,-70.6483,63.28,61,100,2.3
311,Tezu,IN,2022-05-27 19:27:10,27.9167,96.1667,72.5,95,87,3.4
312,Umm Lajj,SA,2022-05-27 19:27:11,25.0213,37.2685,84.31,45,0,4.54
313,Idenao,CM,2022-05-27 19:27:11,4.2475,9.0047,76.35,96,100,4.23
314,Mackay,AU,2022-05-27 19:27:11,-21.15,149.2,58.68,75,0,5.86
315,Petropavlovsk-Kamchatskiy,RU,2022-05-27 19:27:12,53.0452,158.6483,39.79,87,75,2.24
316,Yerbogachen,RU,2022-05-27 19:27:12,61.2767,108.0108,33.3,63,7,4.97
317,Ambilobe,MG,2022-05-27 19:27:13,-13.2,49.05,71.62,93,90,2.77
318,Shimoda,JP,2022-05-27 19:27:13,34.6667,138.95,68.94,59,0,18.05
319,Mumford,GH,2022-05-27 19:27:14,5.2618,-0.759,79.5,81,43,5.57
320,Kargasok,RU,2022-05-27 19:25:34,59.0556,80.8572,56.79,49,100,9.35
321,Sisimiut,GL,2022-05-27 19:27:14,66.9395,-53.6735,30.88,87,100,7.49
322,Lavrentiya,RU,2022-05-27 19:23:12,65.5833,-171.0,34.57,95,100,4.63
323,Pechenga,RU,2022-05-27 19:27:15,69.5259,31.1703,40.51,96,100,28.19
324,Nantucket,US,2022-05-27 19:26:45,41.2835,-70.0995,66.31,94,100,12.66
325,Maldonado,UY,2022-05-27 19:28:15,-34.6667,-54.9167,56.59,79,96,9.98
326,Cabras,IT,2022-05-27 19:28:15,39.93,8.5314,71.87,85,0,4.05
327,Bubaque,GW,2022-05-27 19:28:16,11.2833,-15.8333,81.05,80,5,8.93
328,Goderich,CA,2022-05-27 19:28:16,43.7501,-81.7165,57.52,88,92,9.22
329,Vestmannaeyjar,IS,2022-05-27 19:28:16,63.4427,-20.2734,50.99,87,75,16.11
330,Sabaudia,IT,2022-05-27 19:28:17,41.3003,13.0282,78.89,61,100,10.78
331,Mantua,IT,2022-05-27 19:28:17,45.1667,10.7833,83.44,69,10,5.86
332,Yarke Pole,UA,2022-05-27 19:28:18,45.608,34.3172,59.56,70,7,7.76
333,Awbari,LY,2022-05-27 19:28:18,26.5921,12.7805,93.96,7,1,5.28
334,Rio Grande,BR,2022-05-27 19:28:18,-32.035,-52.0986,69.91,92,100,8.08
335,Pangkalanbuun,ID,2022-05-27 19:28:18,-2.6833,111.6167,72.03,93,59,2.42
336,Ilulissat,GL,2022-05-27 19:24:26,69.2167,-51.1,33.82,86,75,10.36
337,Visani,RO,2022-05-27 19:28:19,45.15,27.2833,68.09,55,0,8.9
338,Nogales,MX,2022-05-27 19:28:19,31.3086,-110.9422,96.37,11,0,10.36
339,Auki,SB,2022-05-27 19:28:19,-8.7676,160.7034,76.35,88,100,2.33
340,Seguela,CI,2022-05-27 19:28:20,7.9611,-6.6731,77.54,74,54,4.76
341,Yumen,CN,2022-05-27 19:28:20,40.2833,97.2,71.82,14,100,11.52
342,Carbonia,IT,2022-05-27 19:28:20,39.1672,8.5222,71.01,88,52,3.62
343,Dongfeng,CN,2022-05-27 19:28:21,42.6403,125.5118,53.8,83,100,10.02
344,Kazachinskoye,RU,2022-05-27 19:28:21,57.6953,93.2761,42.89,61,0,4.18
345,Kahului,US,2022-05-27 19:24:29,20.8947,-156.47,82.42,51,40,19.57
346,Usinsk,RU,2022-05-27 19:28:22,65.9939,57.5281,45.12,85,99,6.24
347,Mareeba,AU,2022-05-27 19:19:43,-17.0,145.4333,59.43,91,0,2.21
348,Cap Malheureux,MU,2022-05-27 19:25:42,-19.9842,57.6142,70.47,75,0,8.88
349,Villa Carlos Paz,AR,2022-05-27 19:28:22,-31.4241,-64.4978,64.38,33,12,4.0
350,Gilbues,BR,2022-05-27 19:28:23,-9.8317,-45.3439,89.96,28,65,8.32
351,Port Elizabeth,ZA,2022-05-27 19:28:23,-33.918,25.5701,61.09,95,0,5.75
352,Bousso,TD,2022-05-27 19:28:23,10.4795,16.7117,94.91,21,13,4.52
353,San Carlos,VE,2022-05-27 19:28:23,9.6612,-68.5827,74.41,92,100,3.65
354,Bijar,IR,2022-05-27 19:28:24,35.8668,47.6051,57.22,31,5,7.4
355,Shiloh,US,2022-05-27 19:28:24,38.5614,-89.8973,63.99,83,100,14.97
356,Neyshabur,IR,2022-05-27 19:28:24,36.2133,58.7958,62.22,48,1,3.96
357,Ixtapa,MX,2022-05-27 19:28:25,20.7,-105.2,83.43,65,20,9.22
358,Calabozo,VE,2022-05-27 19:28:25,8.9242,-67.4293,81.0,68,100,2.98
359,Ahipara,NZ,2022-05-27 19:23:08,-35.1667,173.1667,56.77,83,98,8.79
360,Santa Comba,ES,2022-05-27 19:28:25,43.0331,-8.8093,77.79,57,26,5.37
361,Bayangol,RU,2022-05-27 19:28:26,50.6977,103.4656,37.4,98,100,2.35
362,Vestmanna,FO,2022-05-27 19:28:26,62.1564,-7.1664,43.72,87,100,24.16
363,Inhambane,MZ,2022-05-27 19:28:26,-23.865,35.3833,67.98,83,20,4.61
364,Shevchenkove,UA,2022-05-27 19:28:27,49.6959,37.1735,54.61,83,27,8.72
365,Sawtell,AU,2022-05-27 19:28:27,-30.3833,153.1,56.19,94,6,0.0
366,Faya,SA,2022-05-27 19:28:27,18.3851,42.4509,70.32,52,0,4.21
367,Souillac,MU,2022-05-27 19:28:28,-20.5167,57.5167,70.18,88,20,3.44
368,Rumoi,JP,2022-05-27 19:28:28,43.9344,141.6428,56.71,96,88,6.26
369,Flinders,AU,2022-05-27 19:27:56,-34.5833,150.8552,57.06,93,100,1.99
370,Adrar,MR,2022-05-27 19:25:38,20.5022,-10.0711,96.8,20,70,6.64
371,Coari,BR,2022-05-27 19:29:28,-4.085,-63.1414,85.17,63,100,3.94
372,Cienaga,CO,2022-05-27 19:29:29,11.007,-74.2476,91.53,66,20,6.91
373,Oga,IT,2022-05-27 19:29:29,46.4631,10.347,61.48,85,23,5.88
374,Smithville,US,2022-05-27 19:25:59,39.3869,-94.5811,78.13,48,0,5.75
375,Mataram,ID,2022-05-27 19:29:29,-8.5833,116.1167,77.81,85,100,2.68
376,Lata,PT,2022-05-27 19:29:30,40.1629,-8.3327,79.99,34,100,1.19
377,Santa Ines,BR,2022-05-27 19:26:46,-3.6667,-45.38,80.8,85,32,4.32
378,Kabompo,ZM,2022-05-27 19:29:30,-13.5927,24.2008,59.58,47,0,4.52
379,Ola,RU,2022-05-27 19:29:30,59.5833,151.2833,39.15,96,100,2.62
380,Coihaique,CL,2022-05-27 19:29:30,-45.5752,-72.0662,42.75,56,20,0.0
381,Chicama,PE,2022-05-27 19:29:31,-7.8447,-79.1469,63.14,58,11,9.69
382,Luang Prabang,LA,2022-05-27 19:29:31,19.8856,102.1347,73.49,91,91,1.68
383,Yeppoon,AU,2022-05-27 19:29:31,-23.1333,150.7333,58.78,86,3,3.47
384,Campbellsville,US,2022-05-27 19:29:31,37.3434,-85.3419,68.11,54,65,5.99
385,Tallahassee,US,2022-05-27 19:25:23,30.4383,-84.2807,90.09,47,75,9.22
386,Naivasha,KE,2022-05-27 19:29:32,-0.7167,36.4359,62.1,89,97,2.55
387,Lixourion,GR,2022-05-27 19:29:32,38.2019,20.4314,69.8,88,20,0.0
388,Okha,RU,2022-05-27 19:29:32,53.5739,142.9478,34.93,98,100,14.72
389,Vanderhoof,CA,2022-05-27 19:26:48,54.0166,-124.0198,49.33,89,100,2.53
390,Omboue,GA,2022-05-27 19:29:33,-1.5746,9.2618,74.91,84,62,5.53
391,Chulym,RU,2022-05-27 19:29:33,55.0997,80.9572,57.07,58,100,8.16
392,Coahuayana,MX,2022-05-27 19:20:53,18.7333,-103.6833,92.35,50,12,8.66
393,Ancud,CL,2022-05-27 19:23:11,-41.8697,-73.8203,48.63,59,61,5.82
394,Sturgis,US,2022-05-27 19:29:33,41.7992,-85.4192,75.33,65,100,8.05
395,Vanavara,RU,2022-05-27 19:29:33,60.34,102.2797,35.22,65,7,4.05
396,Zhongshan,CN,2022-05-27 19:29:34,21.3226,110.5829,79.57,88,100,10.31
397,Otane,NZ,2022-05-27 19:29:34,-39.8833,176.6333,43.02,93,0,2.04
398,Meulaboh,ID,2022-05-27 19:29:34,4.1363,96.1285,76.57,87,71,5.93
399,Zapolyarnyy,RU,2022-05-27 19:29:34,69.4154,30.8136,38.48,97,100,27.36
400,Okhotsk,RU,2022-05-27 19:29:35,59.3833,143.3,35.28,94,63,1.77
401,Tevriz,RU,2022-05-27 19:29:35,57.509,72.4042,48.99,76,84,8.9
402,Namibe,AO,2022-05-27 19:19:37,-15.1961,12.1522,66.52,85,3,7.87
403,Evensk,RU,2022-05-27 19:20:57,61.95,159.2333,37.98,98,100,0.76
404,San Patricio,US,2022-05-27 19:21:59,28.017,-97.5169,95.07,36,0,9.13
405,Dargaville,NZ,2022-05-27 19:25:04,-35.9333,173.8833,51.76,86,69,3.91
406,Kuching,MY,2022-05-27 19:29:35,1.55,110.3333,75.42,94,20,2.3
407,Madang,PG,2022-05-27 19:29:36,-5.2246,145.7966,74.44,92,90,4.36
408,Diffa,NE,2022-05-27 19:29:36,13.3154,12.6113,90.79,10,5,6.42
409,San Ramon,US,2022-05-27 19:24:43,37.7799,-121.978,74.26,64,0,13.8
410,Damietta,EG,2022-05-27 19:29:36,31.4165,31.8133,73.38,75,0,8.55
411,La Macarena,CO,2022-05-27 19:29:36,2.1837,-73.7849,73.24,97,100,2.24
412,Prince George,CA,2022-05-27 19:27:38,53.9166,-122.753,50.25,95,100,3.44
413,Avera,US,2022-05-27 19:29:37,33.194,-82.5271,86.38,35,41,13.76
414,Lucera,IT,2022-05-27 19:30:37,41.5082,15.3351,69.62,64,100,4.85
415,Chiredzi,ZW,2022-05-27 19:30:37,-21.05,31.6667,66.81,76,76,3.74
416,San Felipe,VE,2022-05-27 19:30:38,10.3399,-68.7425,76.06,81,100,4.38
417,Deputatskiy,RU,2022-05-27 19:30:38,69.3,139.9,20.91,91,50,1.7
418,Karasjok,NO,2022-05-27 19:26:50,69.4719,25.5112,43.48,83,100,23.53
419,Raudeberg,NO,2022-05-27 19:30:38,61.9875,5.1352,48.87,90,54,14.45
420,Beruwala,LK,2022-05-27 19:30:38,6.4788,79.9828,79.11,85,89,11.77
421,Neuquen,AR,2022-05-27 19:28:20,-38.9516,-68.0591,48.09,43,0,3.44
422,Waipawa,NZ,2022-05-27 19:30:39,-41.4122,175.5153,41.38,86,0,4.63
423,Mayo,US,2022-05-27 19:30:39,38.8876,-76.5119,71.19,91,75,12.66
424,Podporozhye,RU,2022-05-27 19:30:39,60.9112,34.1706,46.51,96,92,3.96
425,Alice Springs,AU,2022-05-27 19:30:39,-23.7,133.8833,54.95,62,98,5.75
426,Maumere,ID,2022-05-27 19:30:40,-8.6199,122.2111,78.04,81,86,1.83
427,Nabire,ID,2022-05-27 19:30:40,-3.3667,135.4833,74.73,91,80,3.2
428,Kologriv,RU,2022-05-27 19:30:40,58.8275,44.3178,45.25,97,100,1.14
429,Ulladulla,AU,2022-05-27 19:30:40,-35.35,150.4667,55.76,92,100,5.53
430,Yagodnoye,RU,2022-05-27 19:30:41,62.55,149.6667,33.89,86,79,2.89
431,Kenai,US,2022-05-27 19:23:25,60.5544,-151.2583,66.02,39,0,9.22
432,Mayumba,GA,2022-05-27 19:30:41,-3.432,10.6554,73.15,91,26,5.91
433,Tabou,CI,2022-05-27 19:30:41,4.423,-7.3528,79.02,84,34,7.36
434,Hohhot,CN,2022-05-27 19:30:41,40.8106,111.6522,59.29,38,0,4.47
435,Tabas,IR,2022-05-27 19:30:42,33.5959,56.9244,77.38,16,0,9.73
436,Salalah,OM,2022-05-27 19:20:54,17.0151,54.0924,84.29,79,40,8.05
437,Morondava,MG,2022-05-27 19:30:42,-20.2833,44.2833,74.14,50,0,12.41
438,Kanniyakumari,IN,2022-05-27 19:30:42,8.0833,77.5667,79.75,84,9,17.16
439,Necochea,AR,2022-05-27 19:26:31,-38.5473,-58.7368,52.25,58,100,11.7
440,Agadez,NE,2022-05-27 19:30:42,19.75,10.25,93.54,12,5,5.82
441,Natal,BR,2022-05-27 19:29:02,-5.795,-35.2094,84.42,84,20,8.05
442,Makat,KZ,2022-05-27 19:30:43,47.6469,53.3463,66.09,56,95,16.08
443,Cabedelo,BR,2022-05-27 19:27:32,-6.9811,-34.8339,79.47,84,79,15.64
444,San Rafael Del Sur,NI,2022-05-27 19:30:43,11.8485,-86.4384,88.77,52,90,7.14
445,Filadelfia,US,2022-05-27 19:27:44,39.9523,-75.1638,80.62,81,100,20.71
446,Calvinia,ZA,2022-05-27 19:30:43,-31.4707,19.776,55.44,34,0,3.11
447,Praia Da Vitoria,PT,2022-05-27 19:30:44,38.7333,-27.0667,68.25,77,40,13.51
448,Gimli,CA,2022-05-27 19:30:44,50.6336,-96.9907,50.02,87,30,3.44
449,Pangody,RU,2022-05-27 19:22:01,65.85,74.4859,55.83,38,12,10.74
450,Srostki,RU,2022-05-27 19:30:44,52.4189,85.7022,55.56,70,25,1.23
451,Oyama,JP,2022-05-27 19:30:44,36.3,139.8,67.59,80,0,1.28
452,Kudahuvadhoo,MV,2022-05-27 19:30:45,2.6708,72.8944,83.14,72,16,12.86
453,Ginir,ET,2022-05-27 19:30:45,7.1333,40.7,57.2,90,96,3.74
454,Butterworth,MY,2022-05-27 19:30:45,5.3991,100.3638,82.44,93,20,2.3
455,Rubizhne,UA,2022-05-27 19:30:45,49.0123,38.3797,62.49,65,100,9.08
456,Kushiro,JP,2022-05-27 19:30:46,42.975,144.3747,51.85,99,100,12.91
457,Muyezerskiy,RU,2022-05-27 19:30:46,63.9333,31.65,45.86,83,99,3.53
458,Vagur,FO,2022-05-27 19:30:46,61.4732,-6.8119,45.23,83,12,22.41
459,Fort Nelson,CA,2022-05-27 19:20:47,58.8053,-122.7002,62.4,43,100,4.29
460,Kayes,ML,2022-05-27 19:31:46,14.0,-11.0,95.41,33,49,12.3
461,Capela,BR,2022-05-27 19:31:47,-10.5033,-37.0528,72.86,84,11,7.05
462,Barabai,ID,2022-05-27 19:26:52,-2.5833,115.3833,73.71,96,100,0.65
463,Shirokiy,RU,2022-05-27 19:31:47,49.758,129.523,48.67,89,51,6.02
464,Sur,OM,2022-05-27 19:31:47,22.5667,59.5289,89.49,49,0,9.69
465,Amga,RU,2022-05-27 19:31:47,60.8953,131.9608,43.99,74,100,6.33
466,Kaohsiung,TW,2022-05-27 19:28:31,22.6163,120.3133,79.03,97,40,3.44
467,Santana Do Livramento,BR,2022-05-27 19:31:48,-30.8908,-55.5328,59.59,97,100,6.02
468,Xiongyue,CN,2022-05-27 19:31:48,40.1774,122.1228,65.8,39,97,11.03
469,Tautira,PF,2022-05-27 19:31:48,-17.7333,-149.15,79.83,68,3,14.92
470,Basco,PH,2022-05-27 19:22:07,20.4487,121.9702,83.05,79,99,10.8
471,Mount Isa,AU,2022-05-27 19:26:47,-20.7333,139.5,60.57,55,0,10.36
472,Qasigiannguit,GL,2022-05-27 19:31:49,68.8193,-51.1922,34.05,82,100,2.98
473,Touros,BR,2022-05-27 19:31:49,-5.1989,-35.4608,77.25,90,100,14.05
474,Waingapu,ID,2022-05-27 19:28:00,-9.6567,120.2641,76.12,87,100,6.91
475,Eyl,SO,2022-05-27 19:31:49,7.9803,49.8164,81.43,69,83,17.83
476,Ardakan,IR,2022-05-27 19:31:49,32.31,54.0175,76.98,21,0,5.75
477,Penzance,GB,2022-05-27 19:31:50,50.1186,-5.5371,56.08,73,7,11.48
478,El Terrero,HN,2022-05-27 19:31:50,14.0667,-87.0667,77.85,54,40,6.91
479,Mount Gambier,AU,2022-05-27 19:28:02,-37.8333,140.7667,45.14,91,100,4.34
480,Bethanien,NA,2022-05-27 19:31:50,-26.502,17.1583,63.61,21,0,8.52
481,Chichicastenango,GT,2022-05-27 19:31:50,14.9333,-91.1167,62.64,89,100,1.99
482,Mae Hong Son,TH,2022-05-27 19:31:51,19.3003,97.9685,72.75,94,12,1.59
483,Tambura,SS,2022-05-27 19:31:51,5.6,27.4667,73.71,67,100,4.29
484,Redlands,US,2022-05-27 19:31:51,34.0556,-117.1825,93.52,46,0,4.61
485,Torbay,CA,2022-05-27 19:31:51,47.6666,-52.7314,48.27,66,75,9.22
486,Miandrivazo,MG,2022-05-27 19:31:52,-19.5167,45.4667,69.48,79,5,2.71
487,Simpang,ID,2022-05-27 19:31:52,-1.2667,104.0833,74.97,97,100,1.74
488,Hirara,JP,2022-05-27 19:31:52,24.8,125.2833,79.83,89,100,21.32
489,Pyatnitskoye,RU,2022-05-27 19:31:52,50.4233,37.8273,52.66,87,22,9.19
490,Douentza,ML,2022-05-27 19:31:53,14.9951,-2.9517,99.73,19,37,6.31
491,Killarney,IE,2022-05-27 19:31:53,52.05,-9.5167,53.38,79,18,3.58
492,Arica,CL,2022-05-27 19:26:46,-18.475,-70.3042,72.95,68,0,11.5
493,Angoche,MZ,2022-05-27 19:31:53,-16.2325,39.9086,75.96,67,91,12.37
494,Yenangyaung,MM,2022-05-27 19:31:53,20.4667,94.8833,82.22,65,6,9.24
495,Mondovi,IT,2022-05-27 19:31:54,44.396,7.8176,74.71,91,13,4.7
496,Adra,ES,2022-05-27 19:31:54,36.7496,-3.0206,78.39,56,2,1.74
497,Tairua,NZ,2022-05-27 19:31:54,-37.0167,175.85,52.43,82,11,3.58
498,Uyemskiy,RU,2022-05-27 19:31:54,64.4743,40.8524,48.25,93,40,6.71
499,Taloda,IN,2022-05-27 19:31:55,21.5667,74.2167,82.42,71,11,19.35
500,Rexburg,US,2022-05-27 19:31:55,43.826,-111.7897,74.71,27,20,17.27
501,Comodoro Rivadavia,AR,2022-05-27 19:31:55,-45.8667,-67.5,49.86,32,0,12.66
502,Chernyshevsk,RU,2022-05-27 19:31:55,52.5243,117.0174,42.84,62,83,13.29
503,San Cristobal,VE,2022-05-27 19:24:30,7.7669,-72.225,78.98,94,99,5.14
504,Mazyr,BY,2022-05-27 19:32:56,52.0495,29.2456,50.4,93,100,15.01
505,Champasak,LA,2022-05-27 19:32:56,14.75,106.0,72.36,100,100,1.19
506,Monospita,GR,2022-05-27 19:32:56,40.6192,22.1761,74.66,83,100,1.39
507,Obidos,BR,2022-05-27 19:32:57,-1.9175,-55.5181,84.87,65,92,5.44
508,Lufilufi,WS,2022-05-27 19:32:57,-13.8745,-171.5986,76.78,76,68,19.04
509,Barahona,DO,2022-05-27 19:30:05,18.2085,-71.1008,89.42,62,40,20.71
510,San Pedro,PH,2022-05-27 19:32:57,14.35,121.0167,83.43,84,75,1.14
511,Niort,FR,2022-05-27 19:32:57,46.3333,-0.3333,64.71,72,15,1.01
512,Ahtopol,BG,2022-05-27 19:32:58,42.1,27.95,61.3,84,6,6.58
513,Hami,CN,2022-05-27 19:25:40,42.8,93.45,79.27,30,100,4.34
514,Chinna Salem,IN,2022-05-27 19:32:58,11.65,78.9,78.24,83,100,1.99
515,Cervo,ES,2022-05-27 19:32:58,43.6702,-7.4101,61.97,89,34,18.16
516,Severobaykalsk,RU,2022-05-27 19:32:58,55.65,109.3167,34.27,78,4,8.19
517,Darnah,LY,2022-05-27 19:32:59,32.767,22.6367,76.93,41,0,4.56
518,Ust-Ishim,RU,2022-05-27 19:32:59,57.6935,71.1665,49.42,68,99,11.63
519,Bucerias,MX,2022-05-27 19:30:27,20.75,-105.3333,84.18,65,20,9.22
520,Kapoeta,SS,2022-05-27 19:32:59,4.7717,33.5903,71.2,85,100,7.4
521,Mahibadhoo,MV,2022-05-27 19:32:59,3.7833,72.9667,82.18,77,8,13.42
522,Japura,ID,2022-05-27 19:33:00,-0.3167,102.35,74.43,98,98,1.68
523,Ichinohe,JP,2022-05-27 19:33:00,40.2069,141.3017,54.54,94,61,3.94
524,Pangnirtung,CA,2022-05-27 19:33:00,66.1451,-65.7125,28.4,74,75,13.8
525,Richards Bay,ZA,2022-05-27 19:33:01,-28.783,32.0377,65.35,92,1,7.02
526,Ozinki,RU,2022-05-27 19:33:01,51.1786,49.6769,54.14,87,98,13.62
527,Hit,IQ,2022-05-27 19:33:01,33.6416,42.8251,82.47,12,0,8.72
528,Kwinana,AU,2022-05-27 19:31:08,-32.25,115.7667,60.24,56,8,7.85
529,Bowmore,US,2022-05-27 19:33:02,34.9421,-79.3031,80.74,80,75,9.22
530,Tingi,TZ,2022-05-27 19:33:02,-11.3,35.0333,59.74,85,11,1.9
531,Haines Junction,CA,2022-05-27 19:33:02,60.7522,-137.5108,55.35,58,100,9.22
532,Kabelvag,NO,2022-05-27 19:33:03,68.2114,14.4817,53.6,62,0,8.05
533,Rokupr,SL,2022-05-27 19:33:03,8.6717,-12.395,77.9,90,100,3.18
534,Rawson,AR,2022-05-27 19:30:56,-43.3002,-65.1023,47.91,50,8,6.93
535,Balkanabat,TM,2022-05-27 19:33:04,39.5108,54.3671,71.49,30,0,3.09
536,San Rafael,AR,2022-05-27 19:33:04,-34.6177,-68.3301,52.25,47,100,4.88
537,Derzhavinsk,KZ,2022-05-27 19:23:12,51.1,66.3167,58.69,46,75,5.48
538,Qinzhou,CN,2022-05-27 19:33:04,21.95,108.6167,78.35,88,100,4.21
539,Romitan,UZ,2022-05-27 19:33:05,39.9343,64.3814,64.35,48,0,4.61
540,Khuzhir,RU,2022-05-27 19:33:05,53.1939,107.3397,39.07,75,0,8.3
541,Kenora,CA,2022-05-27 19:30:31,49.8167,-94.4337,72.57,33,40,8.05
542,Hualmay,PE,2022-05-27 19:33:05,-11.0964,-77.6139,68.38,70,14,10.87
543,Tarazona,ES,2022-05-27 19:33:06,41.9,-1.7333,67.82,66,0,11.52
544,Nouadhibou,MR,2022-05-27 19:33:06,20.931,-17.0347,69.78,83,6,20.71
545,Paka,MY,2022-05-27 19:33:06,4.6374,103.4368,78.73,94,100,0.0
546,Sedalia,US,2022-05-27 19:33:07,38.7045,-93.2283,71.74,60,0,10.36
547,Oboyan,RU,2022-05-27 19:34:07,51.2098,36.2792,56.3,81,99,14.25
548,Clyde River,CA,2022-05-27 19:34:07,70.4692,-68.5914,21.43,86,100,20.71
549,Zeya,RU,2022-05-27 19:34:08,53.75,127.2667,54.86,88,100,12.06
550,Itaueira,BR,2022-05-27 19:34:08,-7.6033,-43.0256,87.01,38,91,6.8
551,Xining,CN,2022-05-27 19:29:28,36.6167,101.7667,54.37,58,97,2.91
552,San Andres,CO,2022-05-27 19:34:08,12.5847,-81.7006,87.82,70,75,9.22
553,Pak Chong,TH,2022-05-27 19:34:09,14.708,101.4161,74.34,85,100,7.16
554,Dalvik,IS,2022-05-27 19:34:09,65.9702,-18.5286,42.73,84,92,2.19
555,Mahajanga,MG,2022-05-27 19:34:09,-15.7167,46.3167,78.82,89,20,6.91
556,Ukholovo,RU,2022-05-27 19:34:10,53.7929,40.4892,47.55,92,28,10.45
557,Kaliyaganj,IN,2022-05-27 19:24:27,25.6333,88.3167,81.46,63,4,8.59
558,Omsukchan,RU,2022-05-27 19:34:10,62.5333,155.8,37.06,99,100,4.25
